mid,name,rank,birthd0y,sign,level,vipType,vipStatus,following,fans
21562404,'一朵诱人的小菊花',10000,0,1,1,1,0,446,1
21562405,'cassielau1990',10000,0,0,1,1,1,90,0
21562406,'ffjsunshine',10000,0,0,1,0,0,11,0
21562407,'ZHitlerZ',10000,1,1,1,0,0,6,1
21562408,'wenjan',10000,0,0,1,1,0,25,1
21562409,'小爷很骚',10000,0,0,0,0,0,3,0
21562410,'弄昵称好烦',10000,0,0,0,0,0,2,0
21562411,'范源丹德华',10000,0,0,1,1,0,175,2
21562413,'玖玖owo',5000,0,0,0,0,0,7,0
21562414,'了了zzz',10000,0,0,1,0,0,14,0
21562415,'Kayalolo',5000,0,0,0,0,0,1,0
21562416,'今天也要六点半起床',10000,0,0,1,0,0,16,0
21562417,'糖初初。',10000,0,0,1,0,0,63,0
21562419,'蓝雨晴',10000,0,0,0,0,0,0,0
21562422,'Neal雪莉',10000,0,0,1,1,0,71,0
21562424,'吃完麻辣烫还想跑',10000,1,1,1,2,1,944,4
21562425,'星星两毛不闪包退',10000,1,1,1,1,1,239,7
21562426,'push250',10000,0,0,0,0,0,1,0
21562428,'limocat',10000,1,1,1,1,0,189,0
21562429,'∪',10000,0,0,0,0,0,7,0
21562430,'蓝颜歆',10000,0,0,1,0,0,0,0
21562431,'倩倩sept',10000,0,0,0,0,0,1,0
21562432,'Abbychu',10000,0,1,1,1,0,20,0
21562433,'雪珑钰',10000,1,1,1,2,1,486,289
21562434,'菲比妹',10000,0,0,0,0,0,4,0
21562435,'萌小喵嘉',5000,0,1,0,0,0,10,0
21562436,'傲游这一季',5000,0,1,0,0,0,0,0
21562437,'小l',10000,0,0,0,0,0,0,0
21562438,'广东第一富婆',10000,1,1,1,1,0,84,1
21562440,'刘九思',5000,0,0,0,0,0,31,0
21562441,'啊鸣哟',10000,0,0,1,1,0,281,14
21562443,'bili_21562443',5000,0,0,0,0,0,0,1
21562444,'太阳你个胖香蕉',10000,0,1,1,2,1,107,5
21562445,'jenningxu',10000,0,0,0,0,0,0,1
21562447,'MiracleBear',10000,1,1,1,0,0,342,1
21562448,'fffffffhhhh',5000,0,0,0,0,0,12,0
21562449,'RickyFan',10000,0,0,1,1,1,73,0
21562450,'大老师总是如此懒惰',10000,0,1,1,2,1,60,1
21562451,'上官假酒',10000,1,1,1,1,0,1427,6
21562452,'西西u',10000,0,0,0,0,0,0,0
21562453,'叫我大歌',10000,0,0,0,0,0,0,0
21562454,'狗卷棘才是无敌的',10000,0,0,1,1,0,252,1
21562455,'凹形尾',10000,1,0,1,1,0,513,9
21562456,'刘琦琦琦琦',5000,0,0,0,0,0,17,0
21562457,'刘火焰',10000,0,0,0,0,0,1,0
21562459,'媛_SY',10000,1,1,1,0,0,261,199
21562461,'呵呵你个呵呵呵',10000,1,0,0,0,0,6,0
21562463,'健忘症患者卡某',10000,1,0,1,2,1,570,8
21562464,'RyanYao',10000,0,0,1,0,0,67,0
21562465,'狂月madmoon',10000,1,0,1,1,0,858,41
21562466,'白安777',10000,0,0,1,0,0,5,0
21562467,'伞下是晴天',5000,0,1,0,0,0,0,0
21562468,'dongyangzheng',10000,0,0,1,0,0,5,0
21562469,'静心备考中',10000,1,0,1,1,0,45,1
21562471,'布布布撸丝丝',10000,0,1,1,1,0,503,19
21562472,'山城雾都火锅',10000,1,0,1,1,0,412,1
21562473,'-也一-',10000,0,1,1,0,0,35,85
21562474,'shiyumeng1',5000,0,0,0,0,0,0,1
21562475,'阿希莱芙特',10000,0,0,1,1,0,202,1
21562476,'一坨番茄炒鸡蛋',10000,0,0,1,2,1,216,0
21562478,'长颈鹿的脖子有点长',5000,0,0,0,0,0,3,0
21562479,'ErErgyyy',10000,1,0,1,1,0,88,1
21562480,'想念1',10000,0,0,1,0,0,73,1
21562481,'WAW这样好吗',10000,1,1,1,1,0,52,0
21562482,'☆柠萌',10000,0,0,0,0,0,0,1
21562483,'神仙小土豆',10000,1,1,1,1,0,21,1
21562487,'阳光日暖微微醺',10000,0,0,1,1,0,372,0
21562488,'河西走廊的风',10000,1,1,1,1,1,33,3
21562489,'tonsillitis',10000,0,0,1,1,0,44,0
21562490,'Mt鹤斯基',5000,0,0,0,0,0,1,0
21562492,'是阿枫呀_',10000,0,1,1,0,0,180,7
21562494,'朋友劝我用霸王',10000,1,0,1,1,0,52,8
21562495,'土鸡tougi',10000,1,0,1,1,0,342,5
21562496,'hongfenghu',10000,0,0,1,0,0,169,2
21562497,'我想要一个荷西',10000,1,1,1,0,0,607,11
21562499,'dadadalalalalalala',10000,0,0,1,0,0,185,2
21562500,'再见亦是回忆',10000,0,0,1,1,0,32,0
21562501,'eljsja',10000,0,0,1,0,0,3,0
21562942,'7478328',5000,0,0,0,0,0,1,0
451618889,'bili_82870373254',5000,0,0,0,1,0,0,0
451618894,'bili_65398306359',5000,0,0,0,0,0,2,0
451618897,'ludan1007',10000,1,0,0,0,0,73,0
451618898,'阿咯咧',10000,1,0,1,1,0,16,0
451618901,'Michi_ly',10000,1,0,0,0,0,26,0
451618904,'白嫖小飞飞',5000,0,0,0,1,0,9,0
451618906,'bili_87336104004',5000,0,0,0,0,0,5,0
451618907,'bili_85921119270',5000,0,0,0,0,0,10,0
451618913,'你的小小尹',5000,0,0,0,0,0,1,0
451618914,'熊小',10000,0,0,1,1,1,1607,11
451618915,'bili_67253878357',10000,0,0,0,0,0,1,0
451618917,'bili_11194548764',5000,0,0,0,0,0,1,0
451618922,'兜兜吃肉不吐骨头',10000,0,1,1,0,0,318,0
451618926,'bili_24157657506',5000,0,0,0,0,0,1,0
451618929,'bili_32624366957',5000,0,0,0,0,0,2,0
451618932,'bili_15282654081',10000,0,0,0,1,0,1,0
451618940,'bili_97848759328',10000,0,0,0,0,0,6,0
451618944,'珊2005',5000,0,1,0,0,0,3,0
451618948,'咕嘟咕嘟may',10000,0,0,1,0,0,42,0
451618949,'你真是个小可爱___',5000,0,0,0,0,0,1,0
451618952,'bili_61393916313',5000,0,0,0,0,0,1,0
451618953,'小镇郑超凶吖',10000,0,0,1,0,0,10,0
451618956,'雨汐非非',10000,0,0,0,0,0,2,0
451618957,'我要惠惠',10000,0,0,1,2,1,41,1
451618960,'bili_96778494733',10000,0,0,1,0,0,32,0
451618961,'张某的号',10000,1,0,1,1,0,61,10
451618978,'bili_58284996865',5000,0,0,0,0,0,1,0
451618979,'喜欢番茄不爱皮',10000,0,0,1,0,0,82,0
451618986,'bili_34969872264',5000,0,0,0,0,0,29,0
451619010,'商f121',10000,0,0,0,0,0,6,0
451619015,'bili_45634602102',5000,0,0,0,0,0,1,0
451619019,'bili_56060164519',10000,0,0,0,0,0,0,0
451619020,'bili_79195589169',10000,0,0,0,1,0,0,0
451619044,'啦啦小队长就你啦',10000,0,0,0,1,0,9,0
451619047,'顾-迟',5000,0,0,0,0,0,5,0
451619049,'bili_26484008316',10000,0,0,0,0,0,0,0
451619055,'ForsakeinBlazzzy',10000,0,0,1,2,1,127,25
451619070,'bili_64937047168',10000,0,0,0,0,0,2,0
451619076,'1000一仟',10000,0,0,0,0,0,9,0
451619077,'-kyle-a',10000,0,0,0,0,0,5,0
451619085,'城之雯',10000,0,0,0,1,0,2,0
451619086,'bili_50793753738',5000,0,0,0,0,0,7,0
451619089,'bili_31175583332',5000,0,0,0,1,0,28,0
451619091,'皮蛋solo粥11',10000,1,0,1,2,1,164,2
451619098,'bili_53281759609',10000,0,0,0,0,0,0,0
451619102,'是泊言i',10000,0,0,0,0,0,8,0
451619106,'上海唯一深情',10000,1,0,0,2,1,5,0
451619116,'bili_96198616891',5000,0,0,0,0,0,2,0
451619117,'bili_48365849421',10000,0,0,1,0,0,58,0
451619120,'bili20445204690',10000,0,0,0,0,0,1,0
451619138,'bili_31668475657',5000,0,0,0,0,0,12,0
451619139,'梧枝江泊',10000,1,1,1,1,0,45,3
451619143,'bili_77448182656',5000,0,0,0,0,0,1,0
451619170,'眠儿-',5000,0,0,0,1,0,2,0
451619173,'bili_79488013206',5000,0,0,0,0,0,8,0
451619187,'Ziyuu31',10000,0,0,0,0,0,2,0
451619193,'bili_10350706517',5000,0,0,0,0,0,2,0
451619201,'bili_10513183405',10000,0,0,0,0,0,0,0
451619206,'稻草人0607',10000,1,1,1,0,0,30,1
451619222,'fNJlTIl',10000,0,0,0,0,0,10,0
451619223,'你没有小裤衩',10000,0,0,1,0,0,45,0
451619228,'bili_32522556645',5000,0,0,0,0,0,1,0
451619231,'你猜我猜你不猜s',10000,0,0,1,1,0,55,0
451619250,'蹦咔咔哪',10000,0,0,0,1,0,4,0
451619263,'寞墨鱼',10000,1,0,1,1,1,30,0
451619265,'qiscdguht',10000,0,0,0,0,0,0,0
451619267,'不是我吧哎',10000,0,0,0,1,0,4,0
451619274,'bili_13502615484',10000,1,0,0,0,0,2,0
451619298,'bili_62340931636',10000,0,0,0,0,0,1,0
451619299,'bili_92203606256',5000,0,0,0,0,0,2,0
451619303,'王丶小丶飞',5000,0,0,0,0,0,5,0
451619311,'泽龙11',5000,0,0,0,1,0,3,0
451619328,'winjelsa',5000,0,0,0,0,0,58,1
451619330,'丁涟子',10000,1,0,1,1,0,613,0
451619345,'十八好饿',10000,0,0,0,0,0,1,0
451619346,'wxzsdl',5000,0,0,0,1,0,1,0
451619354,'bili_19676595122',5000,0,0,0,0,0,1,0
451619355,'bili_10244546575',10000,0,0,0,0,0,6,0
451619372,'喵的圆舞曲',10000,0,0,1,2,1,88,0
451619381,'bili_30380660870',5000,0,0,0,0,0,7,0
451619385,'扇凉御',10000,1,0,1,1,0,459,0
451619386,'重了个启',10000,0,0,0,0,0,27,15
451619388,'旺仔QQ2',10000,1,0,1,1,1,401,0
451619389,'bili_51208265534',5000,0,0,0,0,0,1,0
451619401,'亿亿亿一点',10000,0,0,1,1,0,45,0
451619403,'丁屁屁-',10000,0,1,0,0,0,15,0
451619407,'小括弧是我迷弟',10000,1,1,1,1,0,111,1
451619416,'_gkkkllj',10000,0,0,0,1,0,12,0
451619429,'QiuqiuqiuRC',5000,0,0,0,0,0,1,0
451619433,'诶嘿诶嘿嘿嘿嘿嘿嘿呀',10000,1,0,1,1,0,39,9
451619438,'朋朋子_',10000,0,0,1,1,0,425,0
451619449,'bili_19908788185',10000,0,0,0,0,0,0,0
451619458,'bili_67817108806',10000,0,1,1,0,0,134,0
451619461,'bili_52747241366',5000,0,0,0,0,0,4,0
451619482,'bili_58070463314',5000,0,0,0,0,0,10,0
451619488,'优起点',10000,0,1,1,0,0,38,124
451619503,'bili_22097667574',10000,0,0,1,1,0,77,0
451619509,'bili_88056854423',5000,0,0,0,0,0,1,0
451619514,'666',5000,0,0,0,0,0,2,0
451619522,'百变谢广坤',10000,0,1,0,0,0,21,1
451619524,'修勾修狗',10000,0,0,0,0,0,2,0
451619529,'袖里藏诗',10000,0,0,1,1,0,85,0
451619533,'BILI-UDUWEN',10000,0,1,1,1,0,205,7
451619540,'嚼螃蟹的大洋游侠',10000,0,0,1,1,0,312,1
451619559,'小毛的饲养员',5000,0,0,0,0,0,2,0
451619562,'HaKu的忧郁',10000,1,1,1,1,1,158,17
451619565,'洋洋洁狸',10000,0,0,0,1,0,10,3
451619576,'bili_92957006835',5000,0,0,0,0,0,4,0
451619578,'秋殇儿-',10000,0,1,1,1,0,42,1
451619586,'一只羊爱美食',10000,0,0,1,1,0,69,3
451619590,'云谷儿',10000,1,0,0,0,0,10,2
451619592,'小赞1005_',10000,0,0,0,0,0,5,1
451619594,'木呆阿九',5000,0,0,0,1,0,1,0
451619604,'bili_95334486854',5000,0,0,0,1,0,10,0
451619607,'kahl-175',10000,0,0,1,0,0,30,0
451619609,'bili_79148132730',10000,0,0,0,0,0,13,0
451619613,'不做绅士做骑士',10000,0,0,1,1,1,11,0
451619619,'bili_55597069287',5000,1,0,0,0,0,38,0
451619622,'bili_58509325856',5000,0,0,0,1,0,1,0
451619626,'爱老虎油__',5000,0,0,0,0,0,1,0
451619634,'bili_76978003742',10000,0,0,0,0,0,0,0
451619681,'陌呀',10000,0,0,0,0,0,0,0
451619685,'奋斗路上的Yunnie',10000,0,1,1,0,0,104,0
451619688,'bili_49131415611',5000,0,0,0,0,0,1,0
451619691,'bili_80682836998',5000,0,0,0,1,0,2,0
451619695,'星星',10000,0,0,0,0,0,5,0
451619711,'bili_山野万里',5000,0,0,0,0,0,3,0
451619732,'bili_48303867613',10000,0,0,0,0,0,0,0
451619755,'z自闭了',10000,0,1,0,0,0,9,1
451619764,'bili_52427536782',10000,0,0,0,0,0,8,0
451619769,'???浩然',10000,0,0,1,0,0,2,0
451619774,'bili_16741051629',10000,0,0,0,0,0,0,0
451619816,'意不明',10000,0,1,1,1,0,5,10
451619826,'bili_12678893795',5000,0,0,0,0,0,1,0
451619832,'bili_82181943276',10000,0,0,1,1,0,2,0
451619859,'bili_95383043826',5000,0,0,0,0,0,3,0
451619866,'bili_60250492392',10000,0,0,0,0,0,1,0
451619867,'k_人落幕',10000,0,0,0,0,0,8,0
451619868,'水冰月冲冲冲',10000,0,0,0,0,0,2,1
451619869,'bili_71663865213',5000,0,0,0,0,0,1,0
631612236,'笑笑陈0',10000,0,0,0,1,0,2,0
631612237,'dzyckay',10000,1,0,0,0,0,36,0
631612238,'yifang253',10000,1,1,1,2,1,26,7
631612248,'木^枝丫子',10000,1,1,1,1,0,16,106
631612251,'1000斤的大芋头',10000,0,0,1,0,0,186,0
631612256,'bili_72072676271',5000,0,0,0,0,0,1,0
631612261,'对方正在沙雕中',5000,0,0,0,0,0,4,0
631612264,'bili_35089843316',5000,0,0,0,0,0,2,0
631612266,'bili_74466010756',5000,0,0,0,0,0,1,0
631612272,'xch2887',10000,0,0,0,0,0,0,0
631612273,'浊酒955',10000,0,0,0,0,0,0,0
631612274,'bili_54302809744',5000,0,0,0,1,0,2,0
631612279,'bili_86243491601',5000,0,0,0,0,0,1,0
631612281,'笃定平和',10000,0,0,1,0,0,17,0
631612282,'叶丽轩',10000,0,0,0,0,0,0,0
631612289,'bili_98364836105',5000,0,0,0,0,0,6,0
631612298,'sunnyshuxiu',10000,0,0,1,0,0,8,1
631612300,'bili_48310718861',5000,0,0,0,0,0,14,0
631612303,'伊爱854954',10000,0,0,0,0,0,1,0
631612307,'来杯多肉',5000,0,0,0,0,0,29,0
631612313,'炀岁无殇',10000,1,1,1,1,0,160,2
631612314,'bili_97494734063',5000,0,0,0,0,0,2,0
631612322,'耳火小可爱吖-',10000,1,0,1,1,0,30,4
631612323,'bili_24085281443',5000,0,0,0,0,0,3,0
631612325,'温暖熊抱',10000,0,0,0,0,0,9,0
631612328,'世坤',10000,0,0,0,0,0,18,1
631612334,'美澌佳法式芳疗手作',10000,0,1,0,1,0,48,119
631612340,'bili_47513308023',5000,0,0,0,0,0,3,0
631612344,'bili_68452458953',5000,0,0,0,0,0,1,0
631612345,'bili_22363180562',5000,0,0,0,1,0,1,0
631612347,'你昂哥的操作',10000,0,0,0,1,0,15,0
631612349,'bili_38844638779',5000,0,0,0,0,0,1,0
631612357,'bili_52911432125',10000,0,0,0,0,0,1,0
631612362,'但愿人长久的小菠菠',10000,0,0,1,0,0,51,0
631612365,'不爱我的是傻瓜',10000,1,0,0,0,0,5,0
631612379,'bili_51986030377',5000,0,0,0,0,0,1,0
631612380,'月黑风高无处可逃',10000,0,0,0,1,0,0,0
631612384,'慕雪挽歌',10000,0,0,0,0,0,0,0
631612386,'流霜孤月轮',10000,0,0,0,0,0,3,0
631612388,'隔壁老马N',10000,0,1,0,0,0,8,0
631612394,'bili_94588857101',5000,0,0,0,0,0,18,0
631612397,'bili_59600689193',10000,0,0,0,1,0,2,0
631612401,'bili_11879061013',5000,0,0,0,1,0,1,0
631612403,'bili_55749798630',5000,0,0,0,0,0,1,0
631612404,'bili_90500293004',10000,0,0,0,0,0,3,0
631612405,'z1lich',5000,1,0,0,0,0,2,0
631612412,'bili_67445990346',5000,0,0,0,0,0,1,0
631612413,'小糖未双',10000,1,0,1,1,0,78,0
631612414,'bili_13936730720',5000,0,0,0,1,0,0,0
631612419,'眠眠不吃鱼',5000,1,0,0,1,0,3,0
631612420,'虹d阳',5000,0,0,0,0,0,1,0
631612432,'是小江同学吖',10000,0,0,0,0,0,0,0
631612433,'bili_99861046705',5000,0,0,0,0,0,1,0
631612434,'bili_54148390556',5000,0,0,0,1,0,0,0
631612435,'bili_96007085979',5000,0,0,0,0,0,6,1
631612436,'花开月下不见君',10000,0,0,0,0,0,3,0
631612437,'bili_20883175968',5000,0,0,0,0,0,11,0
631612440,'弦风欲语',10000,0,0,1,0,0,50,0
631612447,'城府邸余',10000,0,0,1,1,0,39,0
631612462,'bili_70869207759',5000,0,0,0,0,0,1,0
631612464,'bili_27001697315',5000,0,0,0,0,0,3,0
631612465,'bili_66692884004',5000,0,0,0,0,0,5,0
631612468,'bili_30666368711',5000,0,0,0,0,0,5,0
631612473,'朝--颜',10000,0,0,1,0,0,19,0
631612477,'bili_14157618933',5000,0,0,0,0,0,3,0
631612492,'b游者',10000,0,0,0,0,0,4,0
631612493,'bili_66789314867',10000,0,0,0,0,0,1,0
631612496,'bili_27882142387',10000,0,0,0,0,0,4,0
631612498,'bili_83771111147',5000,0,0,0,0,0,7,0
631612500,'bili_35187484944',10000,0,0,0,0,0,1,0
631612505,'脑瘫精灵二号',5000,0,0,0,0,0,6,0
631612506,'bili_80586678927',5000,0,0,0,1,0,1,0
631612509,'三叶悠',10000,0,0,0,0,0,1,0
631612510,'JiaYing18',10000,0,0,0,0,0,0,0
631612511,'bili_74549296903',5000,0,0,0,0,0,2,0
631612513,'bili_49104921771',5000,0,0,0,0,0,2,0
631612514,'bili_33075976031',5000,0,0,0,0,0,2,0
631612515,'酸酸阿柠',10000,0,0,1,1,0,21,2
631612526,'也是夸张了点',10000,0,0,1,2,1,31,0
631612533,'bili_67208396032',10000,0,0,0,0,0,1,0
631612534,'刘骜先生',5000,0,0,0,0,0,16,0
631612537,'bili_33145679495',5000,0,0,0,0,0,8,0
631612543,'bili_91014809438',5000,0,0,0,0,0,2,0
631612549,'bili_26997171710',5000,0,0,0,0,0,6,0
631612550,'dd的lili',5000,0,0,0,1,0,14,1
631612556,'bili_81028227288',5000,0,0,0,0,0,1,0
631612559,'sage巍',10000,0,0,1,0,0,3,0
631612565,'小鲤鱼呀耶',10000,0,1,1,0,0,109,2
631612570,'bili_52457744024',10000,0,0,0,0,0,8,0
631612573,'bili_52553349398',5000,0,0,0,0,0,29,0
631612574,'所幸_uckl',10000,0,0,0,1,1,5,0
631612577,'sangyan187',10000,1,0,0,0,0,3,0
631612579,'飞翔的豌豆2022',10000,0,0,0,0,0,39,0
631612584,'bili_96113496992',5000,0,0,0,1,0,0,0
631612585,'胖虎不是小胖纸',5000,0,0,0,0,0,1,0
631612599,'倪你要记得爱我',10000,0,0,1,1,0,22,0
631612604,'bili_91010845246',5000,0,0,0,0,0,5,0
631612608,'bili_86004185785',5000,0,0,0,0,0,1,0
631612620,'流氓兔战斗鸡',5000,0,0,0,1,0,1,0
631612623,'冈仁波齐-辰',10000,0,1,0,0,0,7,1
631612626,'bili_52500475530',5000,0,0,0,0,0,1,0
631612628,'bili_51256497466',10000,0,0,0,0,0,4,0
631612630,'周三岁吖',10000,0,0,0,0,0,2,0
631612631,'bili_50229912700',10000,0,0,0,0,0,1,0
631612640,'污界小少女',5000,0,1,0,0,0,0,0
631612641,'泥鳅奈奈子',10000,0,1,1,1,0,42,0
631612642,'远征ensei',10000,0,0,1,0,0,40,4
631612646,'kk爱吃饭hhh',10000,1,0,1,2,1,445,0
631612650,'买一台传真机',10000,1,1,1,1,0,21,0
631612652,'bili_60935764126',5000,0,0,0,0,0,75,0
631612653,'bili_19195254946',5000,0,0,0,1,0,0,0
631612655,'林梓涵父亲',10000,0,0,0,0,0,15,0
631612658,'bili_21852223261',5000,0,0,0,0,0,3,0
631612664,'钻石王老二哟',10000,0,0,0,0,0,2,0
631612670,'bili_13853911123',5000,0,0,0,0,0,1,0
631612677,'魅男带你追女生',10000,0,1,0,0,0,11,7
631612679,'bili_74406179311',5000,0,0,0,1,0,0,0
631612683,'bili_86393408889',10000,0,0,0,0,0,1,0
631612686,'bili_40601515803',5000,0,0,0,0,0,13,0
631612695,'浸月-慧思',10000,0,0,1,0,0,45,1
631612697,'bili_29045899361',10000,0,0,1,0,0,5,0
631612702,'亿图图示',10000,0,1,0,0,0,10,1412
631612707,'bili_10030060063',5000,0,0,0,1,0,1,0
631612708,'苏某人爱吃土',10000,0,0,0,0,0,11,0
631612711,'bili_19547794580',10000,0,0,1,1,1,9,0
631612714,'bili_28731204420',5000,0,0,0,0,0,1,0
631612715,'bili_10648282257',5000,0,0,0,0,0,1,0
631612719,'镜与白',10000,0,0,1,0,0,8,0
631612735,'TC拾柒',10000,0,0,1,0,0,83,0
631612744,'bili_29226410192',5000,0,0,0,0,0,1,0
631612749,'bili_54439718694',10000,0,0,0,0,0,0,0
631612755,'bili_60429933267',5000,0,0,0,0,0,1,0
631612766,'乙己乙',10000,0,0,0,1,0,5,0
631612776,'bili_58786294980',5000,0,0,0,0,0,2,0
631612780,'林瑞栖',10000,0,0,0,1,0,4,0
631612782,'bili_46931802855',5000,0,0,0,0,0,3,0
631612787,'领硬币玩家',10000,0,1,1,0,0,108,0
631612788,'bili_53645273939',5000,0,0,0,0,0,1,0
631612795,'bili_24040572085',5000,0,0,0,0,0,7,0
631612807,'起起要早起',5000,0,0,0,0,0,2,0
631612808,'快来7香菜',10000,1,1,1,1,0,316,3
631612810,'bili_86431277448',5000,0,0,0,0,0,1,0
631612821,'疯狂下鸡蛋',10000,0,0,1,0,0,86,0
631612824,'1zfairy',5000,0,0,0,0,0,7,0
631612834,'别烦我了吖',10000,0,0,1,1,0,8,0
631612837,'风华乱雪',10000,0,0,1,0,0,0,0
631612841,'深一号',5000,1,0,0,0,0,0,0
631612842,'我叫阿奎',10000,0,0,1,1,0,10,1
631612843,'FGT-咖啡豆',10000,0,1,1,0,0,59,1
631612844,'bili_24468569512',5000,0,0,0,0,0,1,0
631612846,'是筱筱的呀',10000,0,0,0,1,0,0,0
631612850,'lm1804',10000,1,0,0,0,0,1,0
631612855,'bili_78102857728',5000,0,0,0,0,0,1,0
631612856,'江淮北啊啊',10000,0,0,0,0,0,7,0
631612860,'哩哒孔',10000,0,0,0,0,0,6,0
631612863,'浅阳之下',5000,0,0,0,0,0,2,0
631612868,'bili_82600026922',10000,0,0,0,1,0,4,0
631612869,'如梦倾城SV天星',5000,0,1,0,0,0,0,0
631612870,'bili_52549011444',5000,0,0,0,0,0,1,0
631612872,'bili_28392223321',5000,0,0,0,0,0,1,0
631612881,'yll2651',10000,0,0,0,0,0,8,0
631612890,'bili_51840917450',5000,0,0,0,1,0,8,0
631612894,'bili_69624356192',10000,0,0,0,0,0,10,0
631612911,'拿命抽胡桃',10000,0,1,1,2,1,25,3
631612914,'bili_89010762222',5000,0,0,0,1,0,2,0
631612916,'星火燎原阿娜尔调研队',10000,0,1,0,0,0,2,14
631612920,'正经的玖曦',5000,0,0,0,0,0,5,0
631612923,'是楠楠小仙女呐',5000,0,0,0,0,0,4,0
631612927,'天天头疼007',10000,0,0,0,0,0,5,0
631612932,'taozhongyi66',5000,0,0,0,0,0,2,0
631612943,'bili_23519250798',10000,0,0,1,0,0,67,0
631612944,'丽丽又瘦了',5000,0,0,0,0,0,2,0
631612946,'bili_22745932981',5000,0,0,0,0,0,4,0
631612959,'bili_70862967894',10000,0,0,0,0,0,0,0
631612975,'bili_35291731257',5000,0,0,0,0,0,1,0
631612976,'FMIN敏子',10000,0,0,0,1,0,3,0
631612978,'bili_10241058016',5000,0,0,0,0,0,1,0
631612984,'柏盛Victory',10000,1,1,1,1,0,28,1
631612991,'云丛景致',10000,0,0,0,0,0,35,1
631613001,'bili_29138409824',5000,0,0,0,0,0,9,0
631613009,'陈铭生e',10000,0,0,0,0,0,0,0
631613016,'1啥啥啥2',10000,0,0,1,0,0,56,0
631613024,'bili_99578959012',5000,0,0,0,0,0,1,0
631613027,'bili_83521193255',5000,0,0,0,0,0,1,0
631613030,'路过的暗影大人',10000,0,1,1,2,1,507,192
631613034,'水色落双wh',10000,0,1,0,0,0,18,0
631613040,'bili_73076923565',10000,0,0,0,0,0,16,0
631613041,'思考的开',10000,0,0,0,0,0,7,0
631613043,'枚川库紫',10000,1,1,1,1,0,105,0
631613045,'bili_93130849125',5000,0,0,0,0,0,1,0
631613046,'bili_32214473568',5000,0,0,0,1,0,0,0
631613053,'谈感情伤钱吧',10000,0,0,0,0,0,34,0
631613055,'w王宝林',10000,1,0,0,0,0,4,0
631613056,'城府工',5000,0,0,0,0,0,32,1
631613057,'bili_96660080208',10000,0,0,0,0,0,2,0
631613063,'bili_59073048475',5000,0,0,0,0,0,9,0
631613064,'bili_54802956384',10000,0,0,0,0,0,3,0
631613067,'bili_84983447872',5000,0,0,0,1,0,0,0
631613082,'风行2008',10000,0,0,0,0,0,10,0
631613083,'Tokyomi',10000,0,0,0,0,0,4,0
631613089,'指树骂槐',10000,0,0,1,1,1,0,0
631613091,'bili_16031645475',5000,0,0,0,0,0,3,0
631613093,'小周可以哒',10000,0,0,0,0,0,8,0
631613096,'bili_77871516822',10000,0,0,1,0,0,31,0
631613100,'bili_69407751746',5000,0,0,0,0,0,1,0
631613102,'明少66',10000,0,0,0,0,0,13,0
631613104,'inKsansO',10000,0,0,1,1,1,292,4
631613105,'芜湖jyv',10000,0,0,0,0,0,1,0
631613110,'bili_48145028566',5000,0,0,0,0,0,2,0
631613111,'bili_41105801214',5000,0,0,0,0,0,9,0
631613114,'爱意失衡',10000,0,1,1,2,1,7,0
631613126,'yiioik',10000,0,0,0,0,0,0,0
631613138,'bili_57187983330',5000,0,0,0,0,0,1,0
631613143,'陌刀客',10000,0,0,0,0,0,6,0
631613146,'bili_13220707653',5000,0,0,0,0,0,1,0
631613154,'bili_77265607444',5000,0,0,0,0,0,1,0
631613161,'bili_81302312581',5000,0,0,0,0,0,1,0
631613162,'bili_12929817841',5000,0,0,0,0,0,17,0
631613165,'bili_95638442124',10000,0,0,0,0,0,1,0
631613166,'半知yu',10000,1,1,1,2,1,645,6
631613167,'GXG大哥',10000,0,0,1,1,1,81,0
631613174,'bili_83890044601',10000,0,0,0,0,0,0,0
631613175,'姥爷00000',10000,0,0,0,1,0,1,0
631613177,'bili_65699800304',5000,0,0,0,0,0,1,0
631613180,'bili_11958051108',10000,0,0,0,0,0,4,0
631613188,'bili_48674777611',10000,0,0,0,1,0,0,0
631613191,'憨憨柔o',5000,0,1,0,0,0,43,0
631613197,'碗家老十二',10000,0,0,1,0,0,7,0
631613200,'bili_99493602514',10000,0,0,0,0,0,1,0
631613202,'bili_26993677919',10000,0,0,0,1,0,0,0
631613203,'东野鹤鸣',5000,1,0,0,0,0,4,0
631613206,'茶蔸蔸',10000,0,0,0,0,0,1,0
631613214,'bili_96090843526',10000,0,0,0,0,0,10,0
631613216,'是瑶瑶wa',10000,0,0,0,0,0,15,0
631613219,'小玉要瘦',10000,0,0,0,1,1,2,0
631613220,'bili_46001541278',5000,0,0,0,0,0,1,0
631613223,'bili_90722902636',5000,0,0,0,0,0,1,0
631613224,'拾荒蛋糕兔',10000,0,1,1,0,0,12,0
631613249,'Kn1feTT',5000,0,0,0,0,0,1,0
631613267,'bili_71658829618',5000,0,0,0,0,0,2,0
631613269,'hedresound',10000,0,0,1,1,0,23,0
631613277,'bili_29014637855',5000,0,0,0,0,0,266,0
631613279,'bili_29117135707',5000,0,0,0,0,0,1,0
631613280,'bili_94834422501',5000,0,0,0,0,0,1,0
631613287,'星月海河',5000,0,0,0,1,0,0,0
631613288,'WwXxLL_999999999',10000,0,0,0,0,0,2,0
631613290,'bili_93358481533',5000,0,0,0,0,0,1,0
631613297,'bili_98600096766',5000,0,0,0,0,0,1,0
631613299,'飞衡白',10000,0,0,0,0,0,16,0
631613303,'平安杨奇',10000,0,0,0,1,0,0,0
631613305,'蓝小居',10000,0,0,0,1,0,2,0
631613311,'bili_98400187267',10000,0,0,0,1,0,0,0
631613313,'月落不语',10000,0,0,1,0,0,204,0
631613319,'bili_43444903723',5000,0,0,0,0,0,1,0
631613323,'慵懒姑娘',10000,0,1,1,0,0,2,0
631613328,'齐殿天侠',10000,0,0,0,0,0,4,0
631613329,'hsbnis',10000,0,0,0,1,0,12,1
631613330,'气死你和齐司礼',10000,0,0,1,0,0,69,3
631613331,'只爱椒',10000,1,0,0,0,0,20,0
631613339,'bili_98504622805',5000,0,0,0,0,0,1,0
631613341,'埃妮尔',10000,0,0,1,0,0,126,0
631613342,'恶龙之恶',5000,0,0,0,1,0,5,1
631613354,'bili_41916536149',5000,0,0,0,0,0,1,0
631613357,'bili_76353333542',10000,0,0,0,0,0,0,0
631613371,'469783',10000,0,1,1,0,0,919,2
631613386,'bili_98661151276',5000,0,0,0,0,0,1,0
631613388,'沉星E',5000,0,0,0,0,0,16,0
631613390,'bili_82262854298',5000,0,0,0,0,0,17,0
631613391,'二一圹',10000,1,0,1,0,0,51,0
631613392,'bili_19198278175',5000,0,0,0,0,0,8,0
631613394,'我永远喜欢薇尔小姐',10000,1,0,1,2,1,40,1
631613412,'哈拉少年不',10000,0,0,1,0,0,1,0
631613414,'临树生风',10000,0,0,0,0,0,31,3
631613420,'bili_27794896544',5000,0,0,0,0,0,1,0
631613425,'123qwwwee',5000,0,0,0,0,0,1,0
631613437,'bili_64125550950',10000,0,0,0,0,0,1,0
631613439,'bili_60210844636',5000,0,0,0,0,0,1,0
631613442,'-小甜爱睡觉',10000,0,0,0,0,0,0,156
631613444,'顾沫沫gy',10000,0,0,0,0,0,3,0
631613445,'bili_43700078887',10000,0,0,0,0,0,4,0
631613446,'',10000,0,0,0,0,0,19,0
631613447,'木鱼大咖',10000,0,0,1,0,0,23,0
631613452,'bili_44816409961',5000,0,0,0,0,0,1,0
631613460,'bili_31983148628',5000,0,0,0,0,0,1,0
631613472,'bili_57140435497',5000,0,0,0,0,0,1,0
631613481,'freshMivla',10000,0,1,1,1,0,57,0
631613486,'bili_39616075644',10000,0,0,0,0,0,2,0
631613487,'哈哈就是酱紫',10000,0,0,0,0,0,3,0
631613499,'bili_51999258712',5000,0,0,0,0,0,1,0
631613500,'bili_92618662324',5000,0,0,0,0,0,1,0
631613507,'辰',10000,0,0,1,0,0,46,0
631613509,'正经人谁取名字a',10000,0,0,1,2,1,217,0
631613510,'bili_56596524344',10000,0,0,0,0,0,1,0
631613515,'bili_86826727983',10000,0,0,1,1,1,11,0
631613516,'羽毛2012',10000,0,0,0,0,0,4,0
631613517,'bili_77544256760',5000,0,0,0,0,0,1,0
631613531,'bili_54443666981',5000,0,0,0,0,0,3,0
631613533,'明明的男孩',10000,0,1,0,0,0,1,0
631613548,'淡灬丿雨',10000,0,0,0,0,0,1,0
631613557,'小涵不再emo',10000,1,0,1,0,0,257,0
631613563,'bili_31822293700',5000,0,0,0,0,0,2,0
631613573,'阿巴阿巴漫剪',10000,0,1,1,1,0,5,0
631613574,'bili_88067163935',10000,0,0,0,0,0,2,0
631613582,'左',10000,0,1,1,1,1,1421,4
631613592,'bili_80376344893',5000,0,0,0,0,0,1,0
631613593,'bili_13127819209',5000,0,0,0,0,0,7,0
631613604,'GGGGG-Dragon8',10000,0,0,0,0,0,18,0
631613605,'荧光大猪蹄子',10000,0,0,1,1,0,59,0
631613610,'12333552',10000,0,1,1,0,0,51,3
631613615,'bili_38907482282',5000,0,0,0,0,0,2,0
631613618,'bili_94149157311',5000,0,0,0,0,0,22,0
631613628,'华少123456566',10000,0,0,0,0,0,6,0
631613636,'我用鲁班上王者',10000,0,0,0,0,0,2,0
631613641,'少年小锦时',10000,1,0,1,0,0,91,0
631613644,'bili_26705832828',10000,0,0,0,1,0,3,0
631613652,'bili_78342335342',5000,0,0,0,0,0,1,0
631613655,'bili_96291253084',5000,0,0,0,0,0,2,0
631613665,'小小水马567',10000,0,0,1,1,0,17,1
631613667,'朱迪美女',5000,1,0,0,0,0,2,0
631613670,'bili_89406901078',10000,0,0,0,0,0,2,0
631613671,'一笑ddddd',10000,0,0,0,1,0,17,0
631613672,'涵空シ',10000,0,1,1,1,0,27,0
631613686,'bili_88262459088',10000,0,0,0,0,0,5,0
631613688,'自变美好',10000,0,0,0,0,0,94,0
631613691,'bili_27237527599',5000,0,0,0,0,0,2,0
631613697,'bili_86910965056',5000,0,0,0,0,0,3,0
631613704,'暮光-风',10000,0,0,0,0,0,2,0
631613710,'绿豆53',10000,0,0,1,1,0,88,5
631613722,'wang688123',10000,0,0,0,0,0,1,0
631613726,'bili_52091080393',10000,0,0,0,0,0,11,0
631613736,'bili_29308154882',10000,0,0,0,0,0,2,0
631613753,'bili_56621189233',5000,0,0,0,0,0,1,0
631613772,'高冉i',10000,0,0,0,0,0,31,0
631613775,'超高专级の咒术师',10000,1,1,1,1,0,28,2
631613782,'小张爱吃雪糕糕',5000,0,0,0,0,0,2,0
631613783,'bili_10990507870',5000,0,0,0,0,0,4,0
631613785,'玛卡瑞',10000,0,0,0,1,0,65,1
631613786,'哦可哦可啊呀',10000,0,0,1,0,0,0,0
631613791,'抱抱纸皮',10000,0,0,1,0,0,92,1
631613793,'待我穿越回去灭了英语',10000,0,1,1,1,0,231,3
631613795,'bili_56521285041',5000,0,0,0,0,0,1,0
631613796,'bili_16513119666',5000,0,0,0,0,0,9,0
631613798,'bili_61167109278',5000,0,0,0,0,0,2,0
631613805,'bili_32521265339',5000,0,0,0,0,0,2,0
631613808,'找不到又注册一个',10000,0,0,0,0,0,20,0
631613809,'德云7队小仙女',5000,0,0,0,1,0,3,0
631613813,'bilibili',5000,0,1,0,0,0,0,0
631613815,'bili_38628689916',5000,0,0,0,0,0,1,0
631613820,'bili_70946681615',5000,0,0,0,0,0,1,0
631613824,'bili_95347712143',5000,0,0,0,0,0,6,0
631613825,'荒野乱斗忠诚粉丝',10000,0,0,0,0,0,21,0
631613828,'bili_18829655961',5000,0,0,0,0,0,5,0
631613831,'景色水瓶',10000,0,0,0,0,0,7,0
631613844,'啊铁家的母牛',10000,0,0,1,1,0,78,1
631613862,'周plus-Max',10000,0,0,0,0,0,36,0
631613864,'与山间云雨共温柔',10000,0,1,1,0,0,14,0
631613865,'bili_94810322559',5000,0,0,0,0,0,2,0
631613866,'我的世界不会玩啊',10000,0,0,0,0,0,10,0
631613868,'bili_18964644881',5000,0,0,0,0,0,1,0
631613873,'墨羽浅笑',10000,0,0,0,0,0,22,0
631613875,'bili_34628615541',5000,0,0,0,1,0,11,0
631613878,'bili_40155745193',10000,0,0,0,0,0,0,0
631613882,'有你---',10000,0,0,1,0,0,24,0
631613883,'bili_66523050819',10000,1,0,0,1,0,3,0
631613892,'bili_11940207697',5000,0,0,0,0,0,2,0
631613893,'bili_90762119043',5000,0,0,0,0,0,1,0
631613895,'小暄崽汁-',10000,0,0,0,1,0,0,0
631613900,'bili_87046551524',5000,0,0,0,0,0,1,0
631613903,'bili_29007042545',5000,0,0,0,0,0,7,0
631613908,'bili_74506761625',5000,0,0,0,0,0,10,0
631613911,'bili_66905770038',10000,0,0,0,1,0,13,0
631613916,'bili_28526483033',5000,0,0,0,0,0,1,1
631613921,'bili_30610872003',5000,0,0,0,0,0,1,0
631613922,'bili_34966450164',10000,0,0,0,0,0,0,0
631613923,'bili_34378722625',5000,0,0,0,1,0,6,0
631613927,'纳米机器人',10000,0,0,1,1,1,94,1
631613932,'bili_65302526946',5000,0,0,0,0,0,10,0
631613938,'神K杰洛特',10000,1,0,1,1,0,28,2
631613941,'bili_49166568106',10000,0,0,0,0,0,6,0
631613942,'bili_82472741157',10000,0,0,0,0,0,4,0
631613947,'是纡侈',10000,0,0,0,1,0,16,0
631613949,'春黎spring',10000,0,0,1,2,1,97,0
631613965,'bili_22247177106',5000,0,0,0,0,0,4,0
631613972,'幕后老Liang',10000,0,0,0,0,0,5,0
631613976,'guxin瑶',10000,0,0,0,0,0,1,0
631613978,'bili_12973576597',5000,0,0,0,0,0,1,0
631613980,'A秋秋妍',5000,0,0,0,0,0,1,0
631613982,'SPC-999',10000,0,1,0,0,0,46,4
631613989,'fhjctgjk',10000,0,0,1,0,0,27,1
631613995,'Zoiyy',5000,1,0,0,0,0,0,0
631613999,'bili_54369737015',5000,0,0,0,0,0,50,1
631614002,'Sjbdhsj',5000,0,0,0,0,0,1,0
631614010,'bili_29708302374',10000,0,0,0,0,0,0,0
631614011,'小涵同学要努力',10000,0,1,0,0,0,3,0
631614012,'豆豆小屋DD',5000,0,0,0,0,0,1,0
631614015,'bili_52768831092',5000,0,0,0,0,0,6,0
631614021,'bili_12748146344',10000,0,0,1,0,0,10,0
631614029,'棱渊',10000,1,1,1,1,0,298,1
631614033,'没有梦想的橙子皮',10000,1,0,1,1,0,10,0
631614039,'哞哞怪的小羊咩咩',10000,0,0,1,2,1,60,1
631614044,'bili_27093803139',5000,0,0,0,0,0,1,0
631614047,'枕上有书---',10000,0,0,0,0,0,18,0
631614050,'勤奋的花卷妈妈',5000,0,0,0,0,0,18,1
631614055,'赫敏嘟嘟嘟嘟',10000,0,0,0,0,0,1,0
631614058,'bili_89821865046',5000,0,0,0,0,0,1,0
631614074,'bili_62318376995',10000,0,0,0,0,0,5,0
631614077,'DQ腊蹄子',10000,0,0,0,1,0,7,0
631614080,'叫姐姐干就斤斤计较',5000,0,0,0,0,0,3,0
631614092,'bili_41793644262',5000,0,0,0,1,0,1,0
631614093,'我爱邦信CP',5000,0,0,0,0,0,1,0
631614100,'刻晴之畜',10000,1,1,1,0,0,44,2
631614101,'这是我的大哥',10000,0,1,1,1,0,68,19
631614105,'bili_50170067233',5000,0,0,0,0,0,1,0
631614111,'花木木520',5000,0,1,0,0,0,1,5
631614112,'bili_46077906363',10000,0,0,1,0,0,5,0
631614113,'画意熙ぁ',5000,0,0,0,0,0,1,0
631614115,'bili_57190609856',5000,0,0,0,0,0,1,0
631614116,'bili_11128658933',10000,1,0,0,1,1,1,0
631614118,'花思见明路',10000,0,0,0,0,0,0,0
631614120,'bili_25180816681',5000,0,0,0,0,0,1,0
631614121,'Redemption_n',10000,1,0,1,1,0,192,3
631614128,'月酱孑然一人',5000,0,0,0,0,0,1,0
631614131,'bili_44323529618',5000,0,0,0,0,0,6,0
631614133,'沉默的巨人188',5000,0,0,0,0,0,2,0
631614135,'工藤シ`ジ',10000,0,0,0,0,0,53,0
631614140,'bili_85475701627',10000,0,0,0,0,0,2,0
631614154,'bili_78693057781',10000,0,0,0,0,0,0,0
631614155,'待几天就好',5000,0,0,0,0,0,1,0
631614168,'bili_14386032325',5000,0,0,0,0,0,1,0
631614169,'qetyrtr',5000,0,0,0,0,0,1,0
631614170,'bili_71044067763',5000,0,0,0,0,0,3,0
631614171,'开朗可爱活泼的仙女',5000,0,1,0,0,0,1,0
631614176,'bili_69435396609',5000,0,0,0,0,0,1,0
631614177,'bili_72381788737',5000,0,0,0,1,1,1,0
631614186,'吉娜心Yedda',5000,0,0,0,0,0,16,0
631614190,'被雷炸死也要绑走Sakura',10000,0,0,0,1,0,8,0
631614192,'黑兔KK',5000,0,1,0,0,0,13,0
631614197,'可爱的LuoziYi啊',10000,0,0,0,0,0,4,0
631614203,'A沐澈',5000,0,1,0,0,0,0,0
631614205,'bili_58964321451',5000,0,0,0,0,0,2,0
631614213,'归雪无痕',10000,0,0,1,1,0,307,3
631614220,'绝世小熊嗨灿妮',10000,0,1,0,0,0,10,1
631614225,'bili_83421769294',10000,0,0,0,0,0,10,0
631614228,'张小帅OvO',10000,0,0,1,2,1,100,0
631614229,'干饭且四碗',10000,0,0,1,1,0,9,0
631614234,'bili_56998009775',10000,0,0,0,0,0,0,0
631614236,'火树银花785',10000,0,0,0,0,0,9,0
631614244,'bili_33894522780',5000,0,0,0,1,1,1,0
631614254,'是是是是是是和',10000,0,0,0,1,0,1,0
631614257,'bili_56254159740',5000,0,0,0,1,0,3,0
631614265,'bili_20344922897',10000,0,0,0,0,0,0,0
631614269,'罗远鹏',10000,0,0,0,1,0,6,0
631614272,'星座屋子',10000,0,1,0,0,0,1,2
631614273,'bili_54014901993',5000,0,0,0,0,0,2,0
631614276,'tak6344',10000,0,0,0,0,0,0,0
631614280,'大轩轩轩轩i',10000,0,0,0,0,0,1,0
631614283,'bili_35390952248',5000,0,0,0,0,0,8,0
631614286,'Wxy868',10000,0,0,0,0,0,2,0
631614289,'魈站在石头上',10000,0,0,1,1,0,603,3
631614292,'bili_49867847002',5000,0,0,0,1,0,2,0
631614294,'bili_48881174394',5000,0,0,0,0,0,1,0
631614298,'So_COll',10000,0,0,1,0,0,1,0
631614299,'bili_75565233570',10000,0,0,1,0,0,30,0
631614300,'bili_84917908710',5000,0,0,0,0,0,1,0
631614305,'超群m',10000,0,0,0,1,0,7,0
631614317,'暖雪兔',10000,0,0,0,0,0,1,0
631614325,'bili_28667831947',5000,0,0,0,0,0,8,0
631614328,'共吃吃吃',10000,0,1,1,1,1,1931,7
631614341,'bili_41277079293',5000,0,0,0,0,0,2,0
631614347,'一只热爱坦克的骨二号',10000,1,1,1,0,0,319,8
631614351,'bili_93079156185',5000,0,0,0,0,0,1,0
631614353,'吾以青衫湿',10000,1,1,0,0,0,2,0
631614354,'bili_58096872334',5000,0,0,0,0,0,3,0
631614356,'hgfcggfv',10000,0,0,0,1,0,4,0
631614358,'bili_98440930866',5000,0,0,0,0,0,1,0
631614359,'bili_82395748437',10000,0,0,0,0,0,2,0
631614364,'bili_22357712369',10000,0,0,0,0,0,0,0
631614382,'bili_11459466994',5000,0,0,0,1,0,22,0
631614392,'rrr1010',5000,0,0,0,0,0,173,0
631614395,'bili_72644503587',10000,0,0,0,0,0,3,0
631614400,'栩霄_xu',10000,0,0,0,0,0,25,0
631614404,'bili_75357747395',5000,0,0,0,1,1,14,0
631614408,'bili_36956725363',10000,0,0,0,0,0,2,0
631614409,'柒月棋棋怪',10000,1,0,0,0,0,21,0
631614416,'uuurong',5000,0,0,0,0,0,1,0
631614425,'bili_92039758904',5000,0,0,0,0,0,25,0
631614427,'saneess',10000,1,1,1,0,0,476,7
631614438,'bili_15244582772',5000,0,0,0,0,0,4,0
631614447,'bili_99624231020',5000,0,0,0,0,0,3,0
631614454,'单',10000,0,0,0,0,0,4,0
631614458,'吕淳罡',10000,0,0,1,1,0,14,0
631614473,'人脸小可爱组撒啦',10000,0,0,0,0,0,3,0
631614479,'奥隆',5000,0,0,0,0,0,1,0
631614485,'bili_13721670435',5000,0,0,0,0,0,1,0
631614488,'bili_47774038414',5000,0,0,0,0,0,1,0
631614489,'柱子玩秋水',10000,0,0,1,0,0,590,19
631614490,'bili_631614490',10000,0,0,0,1,0,1,0
631614495,'bili_54321678683',5000,0,0,0,1,0,0,0
631614499,'春风吹散满洛城',5000,0,0,0,0,0,3,1
631614515,'墨-璃-笙',10000,0,0,0,0,0,1,0
631614520,'啊啊啊尔卑斯',10000,1,1,1,0,0,222,0
631614535,'3轩轩轩4',5000,1,0,0,1,0,3,0
631614551,'嘎吱咖喱哔哔',10000,0,0,0,1,0,2,0
631614556,'妖娆1818',10000,0,0,0,0,0,0,0
631614557,'bili_35291197073',5000,0,0,0,0,0,9,0
631614558,'纯朴的猫',10000,0,0,0,1,0,7,1
631614561,'bili_21170073550',5000,0,0,0,0,0,4,0
631614562,'bili_45469085749',5000,0,0,0,0,0,24,0
631614563,'bili_18099395418',5000,0,0,0,0,0,1,0
631614565,'bili_92742482551',5000,0,0,0,0,0,13,0
631614568,'bili_88267420644',5000,0,0,0,1,0,1,0
631614570,'bili_91504983282',5000,0,0,0,0,0,11,0
631614577,'bili_27877211370',5000,0,0,0,1,0,0,0
631614579,'bili_20758285577',10000,0,0,0,2,1,0,0
631614592,'bili_89198693336',10000,1,0,1,1,0,267,2
631614615,'bili_85541062189',5000,0,0,0,0,0,71,3
631614625,'bili_88150281240',5000,0,0,0,1,0,13,0
631614631,'gemininao',10000,0,1,0,0,0,25,0
631614636,'bili_78984789713',5000,0,0,0,0,0,24,0
631614638,'华仔41319',5000,0,1,0,0,0,31,0
631614641,'bsyolo',10000,0,0,0,0,0,12,0
631614643,'Pre_cious',10000,1,0,1,0,0,148,1
631614645,'bili_63644810847',5000,0,0,0,0,0,1,0
631614650,'星静天尘',10000,1,1,1,2,1,156,1
631614651,'bili_45267690285',5000,0,0,0,0,0,1,0
631614654,'R',5000,0,0,0,0,0,1,0
631614657,'bili_61059883016',10000,0,0,0,0,0,0,0
631614658,'晓文仙',10000,0,0,1,0,0,13,0
631614659,'bili_59729710956',5000,0,0,0,0,0,1,0
631614671,'bili_64881265654',5000,0,0,0,1,0,1,0
631614679,'bili_93848942547',10000,0,0,0,0,0,2,0
631614689,'bili_37586314724',5000,0,0,0,0,0,1,0
631614692,'bili_25419486938',10000,0,0,0,0,0,0,0
631614693,'吉祥有我',10000,0,0,0,0,0,3,0
631614697,'bili_12540546594',5000,0,0,0,1,0,0,0
631614699,'是猴子酱呀',10000,0,0,0,0,0,29,0
631614700,'bili_40673777059',5000,0,0,0,0,0,4,0
631614707,'bili_71930044406',5000,0,0,0,0,0,2,0
631614718,'柒兮啊',5000,0,0,0,0,0,18,0
631614734,'这就是你说的青春吗',10000,0,1,1,0,0,21,0
631614741,'新款男士牛仔裤',10000,0,0,0,0,0,0,0
631614745,'斗罗大陆99级封号饼桶',10000,1,1,1,1,0,59,390
631614746,'bili_58235777188',5000,1,0,0,0,0,48,0
631614750,'欣欣纸ya',10000,0,0,0,0,0,3,0
631614756,'日落时分去看海',10000,0,0,0,0,0,10,0
631614762,'小好720',10000,0,0,0,0,0,27,0
631614768,'bili_99781494785',5000,0,0,0,0,0,1,0
631614784,'bili_78572212071',10000,0,0,0,0,0,0,0
631614790,'bili_14954643759',5000,0,0,0,0,0,1,0
631614791,'bili_65713325040',5000,0,0,0,0,0,1,0
631614795,'正在密谋绑架某龙',10000,1,0,1,2,1,404,1
631614813,'yyyyyyy蕾',5000,0,0,0,0,0,2,1
631614818,'bili_41858927279',5000,0,0,0,0,0,24,0
631614819,'bili_55865617145',5000,0,0,0,1,0,1,0
631614830,'fghbvcr',10000,1,1,1,0,0,6,0
631614837,'bili_47590805367',5000,0,0,0,0,0,2,0
631614854,'森森的旺仔牛奶',10000,1,1,0,0,0,22,1
631614855,'月亮落在袋里了',10000,0,0,1,0,0,285,1
631614857,'bili_33009037345',10000,0,0,0,0,0,1,0
631614869,'槿昼Amanda',10000,0,0,1,1,0,210,3
631614879,'叭巴拉呗叭',10000,0,0,0,0,0,5,0
631614881,'清蒸小鹿包',10000,1,0,1,0,0,56,2
631614883,'嗯嗯好的亲们举报',10000,0,0,1,0,0,13,0
631614887,'五行缺千q',5000,0,0,0,0,0,12,0
631614888,'cj66666999',5000,0,0,0,0,0,1,0
631614891,'i小悦i',10000,0,0,0,0,0,7,0
631614898,'czzzyf',10000,0,0,0,0,0,1,1
631614899,'何妨醉倒',5000,0,0,0,0,0,5,0
631614905,'出彩中国人o',10000,1,0,1,1,0,317,4
631614925,'vae小老弟',10000,0,0,1,0,0,0,0
631614926,'Robonaut',10000,0,0,1,0,0,8,0
631614927,'椒盐翅尖',10000,0,1,1,1,0,3,1
631614930,'bili_94493289237',10000,0,0,1,0,0,167,0
631614933,'bili_92886421171',5000,0,0,0,0,0,1,0
631614934,'bili_86821094966',5000,0,0,0,0,0,8,0
631614935,'bili_21621918559',5000,0,0,0,0,0,8,0
631614936,'bili_77854159971',5000,0,0,0,0,0,3,0
631614939,'bili_76270279291',10000,0,0,0,1,0,4,0
631614940,'bili_36821381161',5000,0,0,0,0,0,3,0
631614941,'P812',5000,0,0,0,0,0,1,0
631614942,'bili_84326474871',5000,0,0,0,0,0,1,0
631614944,'bili_57452047966',5000,0,0,0,0,0,4,0
631614950,'每天都喝八杯洁厕灵',10000,0,0,1,1,0,6,0
631614961,'bili_85472487786',5000,0,0,0,0,0,2,0
631614965,'wv希vw',10000,0,0,1,0,0,46,0
631614966,'bili_64577409634',5000,0,0,0,0,0,1,0
631614967,'Sunny115533',10000,0,0,0,0,0,7,0
631614968,'Aimi_smile',10000,0,0,0,0,0,0,0
631614970,'bili_43252110823',10000,0,0,0,0,0,8,0
631614973,'WoundedZombie',10000,0,0,1,0,0,79,1
631614974,'bili_77333884557',5000,0,0,0,1,0,3,0
631614978,'bili_15441153471',5000,0,0,0,0,0,1,0
631614987,'路过的小风子',10000,0,0,1,0,0,211,0
631614995,'bili_66008905443',10000,0,0,0,0,0,1,0
631615004,'玖佰二十壹颗倩星星',10000,0,0,1,0,0,18,0
631615009,'太和也流年',10000,0,0,0,1,0,0,0
631615018,'bili_63092756829',10000,0,0,0,1,0,0,0
631615019,'bili_50646015396',5000,0,0,0,0,0,15,0
631615028,'bili_51971524819',10000,0,0,0,0,0,0,0
631615035,'bili_78769068752',10000,0,0,0,1,0,1,0
631615041,'白切ul',10000,0,0,1,0,0,65,2
631615042,'阿泰超可爱',5000,0,0,0,0,0,16,0
631615048,'火星人小轩轩',5000,0,1,0,0,0,3,0
631615052,'不爱钱的匹诺曹',10000,0,1,1,0,0,45,1
631615055,'bili_89342958904',5000,0,0,0,0,0,2,0
631615059,'bili_57835244830',5000,0,0,0,0,0,1,0
631615062,'嘿嚯哈嚯',5000,0,0,0,0,0,2,0
631615066,'bili_24949509859',5000,0,0,0,0,0,2,0
631615070,'bili_45389665116',5000,0,0,0,0,0,26,2
631615075,'bili_20078562841',5000,0,0,0,1,1,3,0
631615077,'bili_55835947950',5000,0,0,0,0,0,2,0
631615079,'bili_51463958509',5000,0,0,0,0,0,9,0
631615080,'随便zyp',5000,0,1,0,0,0,0,0
631615081,'bili_41238702790',5000,0,0,0,0,0,5,0
631615082,'bili_64911051719',5000,0,0,0,0,0,2,0
631615083,'Summer-铁柱',10000,0,0,0,0,0,0,0
631615095,'kkkkkkkkkklklkk',10000,1,0,0,0,0,16,0
631615099,'kelvin-ning',5000,0,0,0,1,0,0,0
631615100,'bili_22534094181',5000,0,0,0,0,0,3,0
631615103,'bili_54962725241',10000,0,0,0,0,0,1,0
631615125,'二次元本狂热者',10000,0,0,0,0,0,1,0
631615132,'safe9vv',10000,0,0,1,2,1,37,1
631615134,'夏日守候者',10000,0,0,0,0,0,6,1
631615135,'尹尹尹猪蹄',10000,0,0,0,0,0,0,0
631615138,'bili_65173173054',5000,0,0,0,0,0,2,0
631615140,'龙思语',10000,1,0,1,0,0,12,0
631615141,'一天炫十包辣条',10000,0,0,1,0,0,225,0
631615146,'小胡胖嘟嘟',10000,0,0,0,0,0,8,0
631615150,'小迪0020',10000,0,0,0,1,0,3,0
631615152,'南宫浮夜',10000,0,0,1,0,0,88,1
631615161,'L壹ND壹',10000,0,0,1,0,0,127,0
631615165,'bili_21469269046',5000,0,0,0,0,0,158,0
631615173,'bili_57842886473',10000,0,0,0,0,0,3,0
631615176,'bili_16729138958',5000,0,0,0,0,0,1,0
631615182,'bili_57070120975',5000,1,0,0,0,0,5,0
631615191,'Unique笑笑',10000,0,0,0,0,0,31,4
631615197,'AqianA',10000,0,0,0,0,0,11,0
631615203,'西风留旧梦',10000,0,0,1,0,0,125,0
631615205,'offseason',10000,0,0,1,2,1,72,1
631615210,'bili_62451339088',10000,0,0,0,0,0,2,0
631615213,'bili_81272248034',5000,0,0,0,0,0,2,0
631615221,'王者纸上',10000,0,0,0,0,0,25,0
631615229,'南北丫丫',5000,0,0,0,0,0,1,0
631615230,'asjjycs',10000,0,0,1,0,0,145,0
631615231,'粥粥粥粥粥-_-',10000,1,0,0,0,0,15,1
631615232,'你不是利利的',10000,0,0,0,1,1,1,0
631615233,'永远de老大',10000,0,0,0,0,0,1,0
631615238,'琴古君',10000,0,0,0,0,0,1,0
631615254,'现在是一点零五分',10000,1,0,1,1,1,191,1
631615255,'一只小白嫖党',10000,0,0,1,1,0,73,0
631615257,'是你吗是他',10000,0,0,0,0,0,47,0
631615267,'AAA光的搬运工',10000,0,0,0,0,0,13,0
631615273,'bili_56439588870',5000,0,0,0,0,0,1,0
631615280,'颜喋',10000,0,0,0,2,1,8,0
631615285,'bili_56135256173',5000,0,0,0,0,0,1,0
631615296,'bili_70037190361',5000,0,0,0,0,0,7,0
631615300,'bili_19566140645',5000,0,0,0,0,0,3,0
631615301,'战战的唇下志',10000,1,0,0,1,0,21,0
631615302,'bili_66329191631',5000,0,0,0,0,0,2,0
631615308,'bili_60096817471',10000,0,0,0,0,0,0,0
631615309,'bili_92978594034',5000,0,0,0,0,0,1,0
631615326,'怜-夕兮-碓',10000,1,1,1,1,0,103,0
631615329,'泽A',10000,0,0,0,0,0,9,0
631615331,'bili_82824184167',10000,0,0,0,1,0,6,0
631615332,'bili_39995917021',10000,0,0,0,0,0,0,0
631615339,'bili_80914215982',5000,0,0,0,0,0,1,0
631615342,'风吹的火',10000,0,0,1,0,0,410,1
631615347,'回头不在思念',10000,0,0,0,1,0,3,0
631615351,'vlikeing',5000,0,1,0,0,0,19,0
631615353,'布磊好崩溃',10000,1,0,1,1,0,831,4
631615356,'专伤你的闸总',10000,0,0,1,1,0,58,146
631615358,'bili_15913391184',5000,0,0,0,0,0,3,0
631615364,'bili_36002607655',5000,0,0,0,0,0,1,0
631615366,'bili_36150115368',5000,0,0,0,0,0,2,0
631615370,'bili_50940458109',10000,0,0,0,0,0,0,0
631615371,'小姐姐来嘿嘿嘿',10000,0,0,0,0,0,0,0
631615373,'bili_28130027429',5000,0,0,0,0,0,5,0
631615381,'努尔哈赤黑',10000,0,0,0,1,0,8,0
631615387,'米兰达Prada',10000,0,0,1,1,0,184,1
631615395,'baby叫我正方形',10000,0,0,1,0,0,13,0
631615398,'bili_43887682542',5000,0,0,0,0,0,1,0
631615399,'昨夜星辰往去',10000,0,0,0,0,0,0,0
631615401,'Oo诸葛逍遥oO',10000,0,1,0,0,0,0,0
631615405,'迷之元',10000,0,1,1,1,1,5,0
631615406,'在明天之前如若还在',10000,0,0,0,0,0,7,0
631615408,'穿拖鞋不穿袜',10000,0,0,1,0,0,97,1
631615409,'1v1是Eve',10000,0,1,0,1,0,13,0
631615410,'bili_33798979665',5000,0,0,0,1,0,12,0
631615413,'bili_99294605118',10000,0,0,0,1,0,2,0
631615415,'生性张扬啊',10000,0,0,0,0,0,9,0
631615423,'淑芬芳姐夫了',10000,0,0,0,0,0,5,0
631615432,'bili_48264640934',5000,0,0,0,1,0,21,0
631615434,'bili_43316672764',10000,0,0,0,0,0,8,0
631615435,'总有一天要暴富',10000,1,0,1,0,0,37,0
631615442,'A琳吖',10000,0,1,0,0,0,5,0
631615443,'bili_77674082722',10000,0,0,0,0,0,0,0
631615449,'bili_39122048048',10000,0,0,0,0,0,0,0
631615454,'鬼马小精灵O',10000,0,1,1,1,1,213,347
631615457,'Shou医上山打老虎',10000,0,0,1,0,0,20,0
631615469,'玉米地67',10000,0,0,0,0,0,47,0
631615473,'柚子p',10000,0,0,0,0,0,0,0
631615478,'一条小MM',10000,0,0,0,0,0,23,0
631615490,'bili_29762977272',5000,0,0,0,0,0,1,0
631615492,'bili_59207824393',5000,0,0,0,0,0,1,0
631615494,'遇见',10000,0,0,0,0,0,46,0
631615514,'bili_65486664091',10000,0,0,0,0,0,5,1
631615521,'兴欣寒烟柔rou',10000,1,0,1,1,1,46,8
631615522,'bili_91559701145',10000,0,0,0,0,0,24,0
631615530,'bili_52372895911',10000,0,0,0,0,0,2,0
631615531,'bili_32162919610',5000,0,0,0,0,0,2,0
631615533,'bili_52519210987',5000,0,0,0,0,0,49,0
631615536,'怎么吃都吃不饱鸭-',10000,0,0,0,0,0,3,0
631615547,'bili_44227596507',5000,0,0,0,0,0,2,0
631615549,'Icey的迷弟',5000,0,0,0,0,0,22,0
631615557,'bili_33177825753',5000,0,0,0,0,0,2,0
631615565,'bili_51122802570',5000,0,0,0,0,0,31,0
631615569,'秃头依然用飘柔',10000,1,0,1,0,0,16,0
631615572,'bili_12912293522',5000,0,0,0,0,0,1,0
631615573,'bili_68111951310',5000,0,0,0,1,0,1,0
631615575,'绉染',5000,0,0,0,0,0,11,1
631615589,'喔喔额00',10000,0,0,1,1,1,103,2
631615594,'bili_31206991565',10000,0,0,0,0,0,0,0
631615595,'bili_86369059441',10000,0,0,0,0,0,16,0
631615600,'あう上坂走丸',10000,0,1,0,0,0,39,1
631615601,'bili_64823945244',5000,0,0,0,1,0,0,0
631615604,'bili_68428865581',5000,0,0,0,0,0,1,0
631615607,'bili_77193697483',5000,0,0,0,0,0,2,0
631615619,'bili_92580675121',5000,0,0,0,0,0,1,0
631615627,'bili_98637159864',5000,0,0,0,0,0,1,0
631615630,'bili_84018104398',5000,0,0,0,0,0,1,0
631615632,'bili_49357686829',10000,0,1,0,0,0,0,0
631615642,'幽默之灵_官方账号',10000,0,1,1,1,1,26,5
631615647,'SugEric',10000,0,0,0,0,0,4,0
631615652,'bili_41413692306',5000,0,0,0,0,0,3,0
631615654,'桑稚与蚕',10000,0,1,0,0,0,1,1
631615656,'路仁甲1',5000,0,1,0,0,0,1,0
631615659,'不会安分',10000,0,0,1,1,0,135,2
631615668,'bili_18476017690',5000,0,0,0,0,0,13,0
631615669,'-Echo4C',10000,0,0,0,1,0,18,0
631615678,'bili_67137118023',5000,0,0,0,0,0,1,0
631615682,'小橙5555',10000,0,0,1,0,0,11,0
631615683,'庆怡云',10000,0,0,0,0,0,3,0
631615686,'舒舒要有马甲线',5000,0,0,0,0,0,4,0
631615700,'bili_14272725434',5000,0,0,0,0,0,2,0
631615701,'不是三轮的三',10000,0,0,1,1,0,50,0
631615710,'bili_50628723374',10000,0,0,0,0,0,2,0
631615721,'bili_51991060703',5000,0,0,0,0,0,5,0
631615722,'bili_65078665963',10000,0,0,0,0,0,0,0
631615725,'客气什么0019',5000,0,0,0,0,0,2,0
631615727,'火力哥2022',10000,1,0,0,1,0,3,0
631615732,'bili_87368738572',10000,0,0,0,1,0,0,0
631615734,'桃桃星冰乐_sean',10000,0,0,0,0,0,0,0
631615737,'bili_59405313299',5000,0,0,0,0,0,16,0
631615738,'尊贵的大会员hh',10000,0,1,1,1,0,10,0
631615741,'bili_23511472882',5000,0,0,0,1,1,15,0
631615743,'bili_87640888217',5000,0,0,0,0,0,2,0
631615750,'环游甜味星球-',5000,0,0,0,0,0,1,0
631615755,'bili_64722572830',5000,0,0,0,1,0,2,0
631615761,'卡乐弗气球派对',10000,0,1,0,0,0,0,219
631615765,'李某不稳得很',10000,0,0,1,2,1,6,1
631615767,'bili_39162944162',10000,0,0,0,0,0,0,0
631615775,'bili_94637469260',10000,0,0,0,1,0,1,0
631615776,'only丶璀璨gg',10000,0,0,0,0,0,1,0
631615778,'小猫丶3',10000,0,0,0,0,0,0,0
631615783,'bili_24869554925',5000,0,0,0,0,0,11,0
631615787,'窗花阿絮',10000,0,0,0,0,0,2,0
631615792,'bili_31602874797',5000,0,0,0,0,0,17,0
631615798,'宇宙第一可爱的小茶币',10000,0,0,0,0,0,5,0
631615799,'bili_53914075107',5000,0,0,0,1,0,2,0
631615804,'晴天一夜梨花来',10000,0,0,0,0,0,7,0
631615809,'bili_35254209385',5000,0,0,0,0,0,2,0
631615810,'bili_30132720311',5000,0,0,0,1,0,2,0
631615814,'bili_80497259456',5000,0,0,0,0,0,1,0
631615815,'队友且贼坑',10000,0,0,1,0,0,183,0
631615816,'bili_49596046955',5000,0,0,0,0,0,1,0
631615825,'焯小弟',10000,0,0,1,0,0,110,3
631615826,'留云借L',10000,0,0,1,0,0,7,1
631615836,'bili_58330534135',5000,0,0,0,0,0,1,0
631615838,'bili_631615838',10000,0,0,0,0,0,0,0
631615841,'念念想暴富',10000,0,0,0,0,0,8,1
631615862,'bili_32315488301',10000,0,0,1,1,0,31,0
631615864,'丁恩光医生',10000,0,1,0,0,0,0,7
631615867,'看文轩',10000,0,1,0,0,0,3,0
631615870,'bili_84596275936',10000,0,0,0,1,0,4,0
631615871,'一烨之秋H',10000,0,1,1,0,0,80,2
631615872,'bili_17525196174',5000,0,0,0,0,0,1,0
631615873,'bili_17185629014',5000,0,0,0,0,0,1,0
631615876,'布丁奶茶132',5000,0,0,0,0,0,6,0
631615878,'月夜-观星',10000,1,1,1,0,0,28,3
631615881,'bili_42851886979',10000,0,0,0,0,0,0,0
631615884,'KANG彡KANG',5000,0,0,0,1,0,4,0
631615891,'博君一肖585',5000,0,0,0,1,0,2,0
631615894,'子愧',5000,0,0,0,0,0,37,0
631615902,'bili_22977228903',5000,0,0,0,0,0,3,0
631615906,'朱剑2005',10000,0,0,0,0,0,28,0
631615907,'bili_47419411490',10000,0,0,0,0,0,9,0
631615910,'四月阿卡姆',10000,1,0,1,2,1,51,0
631615923,'瑶瑶0210',5000,0,0,0,0,0,5,0
631615931,'猫猫统治世界OvO',10000,1,0,1,2,1,92,2
631615932,'六六六得六',10000,0,0,1,0,0,14,0
631615946,'j行',10000,0,0,0,1,0,9,0
631615948,'香辣喵喵爪',10000,1,0,1,1,0,0,1
631615950,'bili_30744689522',5000,0,0,0,0,0,1,0
631615967,'萧然然然然然ya',10000,1,0,1,1,0,38,0
631615978,'bili_26539157221',5000,0,0,0,0,0,2,0
631616009,'克拉斯AC',5000,0,0,0,0,0,1,1
631616012,'Z妮',10000,0,0,0,0,0,2,0
631616013,'年轻58o',10000,0,0,1,0,0,74,0
631616023,'汉之约法三章',10000,0,0,1,2,1,100,2
631616031,'bili_25854598517',10000,0,0,0,0,0,0,0
631616033,'hjy8018',10000,0,0,0,0,0,37,3
631616040,'bili_14126946622',10000,0,0,0,0,0,1,0
631616042,'bili_98505846869',5000,0,0,0,0,0,3,0
631616044,'bili_69028389507',5000,0,0,0,0,0,1,0
631616054,'梦时回忆雨',10000,1,0,1,1,1,22,0
631616061,'bili_29665850019',10000,0,0,0,0,0,3,0
631616079,'bili_79952412267',5000,0,0,0,0,0,2,0
631616094,'逸沅月勿',10000,0,0,0,0,0,2,0
631616099,'榕溪r',5000,0,0,0,0,0,2,0
631616102,'cc_10_',10000,0,0,0,1,0,9,0
631616110,'bili_10203796546',10000,0,0,0,0,0,0,0
631616111,'南岛笙是屑',10000,0,1,1,0,0,875,6
631616114,'仙女h吖_',5000,0,0,0,0,0,21,0
631616117,'bili_32852426258',5000,0,0,0,0,0,1,0
631616123,'bili_65429938067',5000,0,0,0,0,0,1,0
631616125,'bili_90885913806',10000,0,0,0,0,0,7,0
631616126,'金佳子',10000,0,0,1,1,0,76,0
631616142,'bili_96246924339',5000,0,0,0,0,0,2,0
631616144,'兔兔372',10000,0,1,0,0,0,4,0
631616153,'bili_60639157966',5000,0,0,0,0,0,1,0
631616168,'bili_20031949323',5000,0,0,0,0,0,2,0
631616175,'bili_27711813573',5000,0,0,0,0,0,1,0
631616179,'雨咖丧',5000,0,0,0,2,1,47,1
631616185,'崽__阿妈对你很失望',10000,1,0,0,0,0,42,0
631616191,'Allen丿D',10000,0,0,1,0,0,19,0
631616195,'bili_30477997521',10000,0,0,0,0,0,0,0
631616247,'周阿奋表演教室',10000,1,1,0,0,0,0,30
631616249,'bili_85787001307',10000,1,0,1,0,0,91,0
631616264,'bili_79252267162',5000,0,0,0,0,0,1,0
631616265,'bili_92011459618',5000,0,0,0,0,0,19,0
631616280,'bili_52490609493',10000,0,0,1,0,0,1,0
631616297,'bili_19319170875',10000,0,0,1,0,0,33,0
631616303,'护食的小崽子',10000,0,0,0,0,0,0,0
631616311,'D木[C',10000,0,0,0,0,0,6,0
631616316,'卡利亚变异火锅',10000,0,0,0,0,0,157,0
631616317,'bili_69429382556',5000,0,0,0,1,0,0,0
631616327,'bili_50333495248',5000,0,0,0,0,0,2,0
631616347,'bili_35605230519',5000,0,0,0,0,0,4,0
631616349,'bili_93143596362',10000,0,0,0,0,0,9,0
631616364,'bili_19608013931',5000,0,0,0,0,0,2,0
631616369,'奉天之人',10000,0,0,1,2,1,35,0
631616375,'bili_86324865151',5000,0,0,0,0,0,1,0
631616383,'bili_80219041769',5000,0,0,0,0,0,1,0
631616399,'bili_16806885078',10000,0,0,0,0,0,2,0
631616408,'bili_13025003942',5000,0,0,0,0,0,1,0
631616410,'bili_54870166761',5000,0,0,0,0,0,2,0
631616421,'顺顺和狼',10000,0,0,1,1,0,2,0
631616429,'使命召唤搜小p',5000,0,0,0,0,0,57,2
631616430,'顺顺2022顺顺',5000,0,0,0,0,0,1,0
631616435,'南间观察员-十二',5000,0,0,0,0,0,6,0
631616436,'bili_66973919818',5000,0,0,0,0,0,2,0
631616454,'草根军事馆',5000,0,0,0,0,0,1,0
631616456,'bili_59618539700',5000,0,0,0,0,0,10,0
631616468,'居然改名要七个硬币',10000,0,0,0,0,0,0,3
631616480,'bili_42168447075',5000,0,0,0,0,0,1,0
631616488,'bili_86315268609',5000,0,0,0,0,0,1,0
631616492,'哇塞小星星',10000,1,1,0,0,0,25,0
631616514,'独舞残梦',10000,0,0,0,0,0,0,0
631616528,'bili_631616528',10000,0,0,0,0,0,4,0
631616532,'bili_60151925397',5000,0,0,0,0,0,96,1
631616535,'笙瑶i',5000,0,0,0,0,0,11,0
631616559,'bili_71824852549',10000,0,0,0,0,0,0,0
631616565,'QINHEEEE',5000,0,0,0,0,0,49,0
631616585,'bili_97960748019',10000,0,0,0,0,0,0,0
631616595,'bili_82622110408',5000,0,0,0,0,0,1,0
631616596,'小小小小-0',5000,0,1,0,0,0,0,0
631616612,'bili_21702037000',10000,0,0,0,0,0,1,0
631616618,'玄剑林',10000,0,0,0,1,0,0,0
631616653,'bili_41879255034',5000,0,0,0,0,0,3,0
